fasta	Name	tRNA #	Begin	End	Type	Codon	Score	Note
GCF_001267275.1_ASM126727v1_genomic	GCF_001267275.1_ASM126727v1_genomic_NZ_CP012363.1 	1	24158	24234	Ile	GAT	78.0	
GCF_001267275.1_ASM126727v1_genomic	GCF_001267275.1_ASM126727v1_genomic_NZ_CP012363.1 	2	24395	24470	Ala	TGC	74.2	
GCF_001267275.1_ASM126727v1_genomic	GCF_001267275.1_ASM126727v1_genomic_NZ_CP012363.1 	3	310108	310183	Ala	GGC	68.4	
GCF_001267275.1_ASM126727v1_genomic	GCF_001267275.1_ASM126727v1_genomic_NZ_CP012363.1 	4	310240	310315	Glu	TTC	57.2	
GCF_001267275.1_ASM126727v1_genomic	GCF_001267275.1_ASM126727v1_genomic_NZ_CP012363.1 	5	310392	310467	Glu	TTC	57.2	
GCF_001267275.1_ASM126727v1_genomic	GCF_001267275.1_ASM126727v1_genomic_NZ_CP012363.1 	6	387883	387959	Met	CAT	70.2	
GCF_001267275.1_ASM126727v1_genomic	GCF_001267275.1_ASM126727v1_genomic_NZ_CP012363.1 	7	512885	512961	Val	GAC	74.5	
GCF_001267275.1_ASM126727v1_genomic	GCF_001267275.1_ASM126727v1_genomic_NZ_CP012363.1 	8	528352	528426	Gln	TTG	55.7	
GCF_001267275.1_ASM126727v1_genomic	GCF_001267275.1_ASM126727v1_genomic_NZ_CP012363.1 	9	573055	573141	Leu	CAA	71.7	
GCF_001267275.1_ASM126727v1_genomic	GCF_001267275.1_ASM126727v1_genomic_NZ_CP012363.1 	10	976203	976278	Gly	GCC	79.0	
GCF_001267275.1_ASM126727v1_genomic	GCF_001267275.1_ASM126727v1_genomic_NZ_CP012363.1 	11	976323	976396	Cys	GCA	60.0	
GCF_001267275.1_ASM126727v1_genomic	GCF_001267275.1_ASM126727v1_genomic_NZ_CP012363.1 	12	1095188	1095264	Met	CAT	82.0	
GCF_001267275.1_ASM126727v1_genomic	GCF_001267275.1_ASM126727v1_genomic_NZ_CP012363.1 	13	1674417	1674492	Thr	TGT	77.8	
GCF_001267275.1_ASM126727v1_genomic	GCF_001267275.1_ASM126727v1_genomic_NZ_CP012363.1 	14	1800793	1800868	Asn	GTT	72.2	
GCF_001267275.1_ASM126727v1_genomic	GCF_001267275.1_ASM126727v1_genomic_NZ_CP012363.1 	15	1800871	1800947	Pro	TGG	73.1	
GCF_001267275.1_ASM126727v1_genomic	GCF_001267275.1_ASM126727v1_genomic_NZ_CP012363.1 	16	1800953	1801027	Lys	TTT	79.4	
GCF_001267275.1_ASM126727v1_genomic	GCF_001267275.1_ASM126727v1_genomic_NZ_CP012363.1 	17	1838695	1838769	Lys	TTT	79.4	
GCF_001267275.1_ASM126727v1_genomic	GCF_001267275.1_ASM126727v1_genomic_NZ_CP012363.1 	18	1870604	1870679	Val	TAC	73.6	
GCF_001267275.1_ASM126727v1_genomic	GCF_001267275.1_ASM126727v1_genomic_NZ_CP012363.1 	19	1870698	1870774	Asp	GTC	81.1	
GCF_001267275.1_ASM126727v1_genomic	GCF_001267275.1_ASM126727v1_genomic_NZ_CP012363.1 	20	1870814	1870889	Val	TAC	73.6	
GCF_001267275.1_ASM126727v1_genomic	GCF_001267275.1_ASM126727v1_genomic_NZ_CP012363.1 	21	2017298	2017374	Ile	GAT	78.0	
GCF_001267275.1_ASM126727v1_genomic	GCF_001267275.1_ASM126727v1_genomic_NZ_CP012363.1 	22	2017404	2017479	Ala	TGC	74.2	
GCF_001267275.1_ASM126727v1_genomic	GCF_001267275.1_ASM126727v1_genomic_NZ_CP012363.1 	23	2021153	2021229	Arg	CCT	73.5	
GCF_001267275.1_ASM126727v1_genomic	GCF_001267275.1_ASM126727v1_genomic_NZ_CP012363.1 	24	2064587	2064674	Ser	TGA	69.3	
GCF_001267275.1_ASM126727v1_genomic	GCF_001267275.1_ASM126727v1_genomic_NZ_CP012363.1 	25	2139079	2139155	Met	CAT	70.2	
GCF_001267275.1_ASM126727v1_genomic	GCF_001267275.1_ASM126727v1_genomic_NZ_CP012363.1 	26	2227499	2227575	Pro	GGG	68.5	
GCF_001267275.1_ASM126727v1_genomic	GCF_001267275.1_ASM126727v1_genomic_NZ_CP012363.1 	27	2385976	2386052	Met	CAT	76.4	
GCF_001267275.1_ASM126727v1_genomic	GCF_001267275.1_ASM126727v1_genomic_NZ_CP012363.1 	28	2116753	2116670	Leu	CAG	64.9	
GCF_001267275.1_ASM126727v1_genomic	GCF_001267275.1_ASM126727v1_genomic_NZ_CP012363.1 	29	1634074	1634001	Arg	CCG	79.1	
GCF_001267275.1_ASM126727v1_genomic	GCF_001267275.1_ASM126727v1_genomic_NZ_CP012363.1 	30	1572058	1571986	Phe	GAA	74.8	
GCF_001267275.1_ASM126727v1_genomic	GCF_001267275.1_ASM126727v1_genomic_NZ_CP012363.1 	31	1571937	1571866	Gln	TTG	55.7	
GCF_001267275.1_ASM126727v1_genomic	GCF_001267275.1_ASM126727v1_genomic_NZ_CP012363.1 	32	1185492	1185419	Ile	GAT	78.0	
GCF_001267275.1_ASM126727v1_genomic	GCF_001267275.1_ASM126727v1_genomic_NZ_CP012363.1 	33	1185275	1185203	Ala	TGC	74.2	
GCF_001267275.1_ASM126727v1_genomic	GCF_001267275.1_ASM126727v1_genomic_NZ_CP012363.1 	34	1178837	1178756	Tyr	GTA	63.1	
GCF_001267275.1_ASM126727v1_genomic	GCF_001267275.1_ASM126727v1_genomic_NZ_CP012363.1 	35	1178732	1178659	Gly	TCC	75.6	
GCF_001267275.1_ASM126727v1_genomic	GCF_001267275.1_ASM126727v1_genomic_NZ_CP012363.1 	36	1178631	1178556	Thr	GGT	73.0	
GCF_001267275.1_ASM126727v1_genomic	GCF_001267275.1_ASM126727v1_genomic_NZ_CP012363.1 	37	1177213	1177141	Trp	CCA	70.3	
GCF_001267275.1_ASM126727v1_genomic	GCF_001267275.1_ASM126727v1_genomic_NZ_CP012363.1 	38	940231	940158	Asp	GTC	81.1	
GCF_001267275.1_ASM126727v1_genomic	GCF_001267275.1_ASM126727v1_genomic_NZ_CP012363.1 	39	846646	846564	Leu	GAG	57.7	
GCF_001267275.1_ASM126727v1_genomic	GCF_001267275.1_ASM126727v1_genomic_NZ_CP012363.1 	40	776026	775953	Ile	GAT	78.0	
GCF_001267275.1_ASM126727v1_genomic	GCF_001267275.1_ASM126727v1_genomic_NZ_CP012363.1 	41	775809	775737	Ala	TGC	74.2	
GCF_001267275.1_ASM126727v1_genomic	GCF_001267275.1_ASM126727v1_genomic_NZ_CP012363.1 	42	701860	701788	Glu	TTC	57.2	
GCF_001267275.1_ASM126727v1_genomic	GCF_001267275.1_ASM126727v1_genomic_NZ_CP012363.1 	43	701778	701703	Gly	GCC	79.0	
GCF_001267275.1_ASM126727v1_genomic	GCF_001267275.1_ASM126727v1_genomic_NZ_CP012363.1 	44	551611	551524	Ser	GCT	72.9	
GCF_001267275.1_ASM126727v1_genomic	GCF_001267275.1_ASM126727v1_genomic_NZ_CP012363.1 	45	551437	551364	Arg	ACG	76.7	
GCF_001267275.1_ASM126727v1_genomic	GCF_001267275.1_ASM126727v1_genomic_NZ_CP012363.1 	46	551300	551227	Arg	ACG	76.7	
GCF_001267275.1_ASM126727v1_genomic	GCF_001267275.1_ASM126727v1_genomic_NZ_CP012363.1 	47	483453	483369	Leu	TAA	64.8	
GCF_001267275.1_ASM126727v1_genomic	GCF_001267275.1_ASM126727v1_genomic_NZ_CP012363.1 	48	335031	334955	Arg	TCT	81.4	
GCF_001267275.1_ASM126727v1_genomic	GCF_001267275.1_ASM126727v1_genomic_NZ_CP012363.1 	49	334912	334837	His	GTG	71.9	
GCF_001267275.1_ASM126727v1_genomic	GCF_001267275.1_ASM126727v1_genomic_NZ_CP012363.1 	50	334795	334714	Leu	TAG	61.1	
GCF_001267275.1_ASM126727v1_genomic	GCF_001267275.1_ASM126727v1_genomic_NZ_CP012363.1 	51	268224	268138	Ser	GGA	65.9	
GCF_001267275.1_ASM126727v1_genomic	GCF_001267275.1_ASM126727v1_genomic_NZ_CP012363.1 	52	141439	141353	Ser	GGA	65.9	
GCF_001267175.1_ASM126717v1_genomic	GCF_001267175.1_ASM126717v1_genomic_NZ_CP012358.1 	1	39065	39152	Ser	TGA	69.3	
GCF_001267175.1_ASM126717v1_genomic	GCF_001267175.1_ASM126717v1_genomic_NZ_CP012358.1 	2	113715	113791	Met	CAT	70.2	
GCF_001267175.1_ASM126717v1_genomic	GCF_001267175.1_ASM126717v1_genomic_NZ_CP012358.1 	3	196991	197067	Pro	GGG	68.5	
GCF_001267175.1_ASM126717v1_genomic	GCF_001267175.1_ASM126717v1_genomic_NZ_CP012358.1 	4	318687	318763	Met	CAT	76.4	
GCF_001267175.1_ASM126717v1_genomic	GCF_001267175.1_ASM126717v1_genomic_NZ_CP012358.1 	5	410899	410975	Ile	GAT	78.0	
GCF_001267175.1_ASM126717v1_genomic	GCF_001267175.1_ASM126717v1_genomic_NZ_CP012358.1 	6	411116	411191	Ala	TGC	74.2	
GCF_001267175.1_ASM126717v1_genomic	GCF_001267175.1_ASM126717v1_genomic_NZ_CP012358.1 	7	700234	700309	Ala	GGC	68.4	
GCF_001267175.1_ASM126717v1_genomic	GCF_001267175.1_ASM126717v1_genomic_NZ_CP012358.1 	8	700365	700440	Glu	TTC	57.2	
GCF_001267175.1_ASM126717v1_genomic	GCF_001267175.1_ASM126717v1_genomic_NZ_CP012358.1 	9	700483	700558	Ala	GGC	68.4	
GCF_001267175.1_ASM126717v1_genomic	GCF_001267175.1_ASM126717v1_genomic_NZ_CP012358.1 	10	700595	700670	Glu	TTC	57.2	
GCF_001267175.1_ASM126717v1_genomic	GCF_001267175.1_ASM126717v1_genomic_NZ_CP012358.1 	11	776457	776533	Met	CAT	70.2	
GCF_001267175.1_ASM126717v1_genomic	GCF_001267175.1_ASM126717v1_genomic_NZ_CP012358.1 	12	850763	850839	Val	GAC	74.5	
GCF_001267175.1_ASM126717v1_genomic	GCF_001267175.1_ASM126717v1_genomic_NZ_CP012358.1 	13	866229	866303	Gln	TTG	55.7	
GCF_001267175.1_ASM126717v1_genomic	GCF_001267175.1_ASM126717v1_genomic_NZ_CP012358.1 	14	910935	911021	Leu	CAA	71.7	
GCF_001267175.1_ASM126717v1_genomic	GCF_001267175.1_ASM126717v1_genomic_NZ_CP012358.1 	15	1598712	1598788	Arg	CCG	80.7	
GCF_001267175.1_ASM126717v1_genomic	GCF_001267175.1_ASM126717v1_genomic_NZ_CP012358.1 	16	1677840	1677915	Phe	GAA	74.8	
GCF_001267175.1_ASM126717v1_genomic	GCF_001267175.1_ASM126717v1_genomic_NZ_CP012358.1 	17	1677961	1678035	Gln	TTG	55.7	
GCF_001267175.1_ASM126717v1_genomic	GCF_001267175.1_ASM126717v1_genomic_NZ_CP012358.1 	18	2045103	2045179	Ile	GAT	78.0	
GCF_001267175.1_ASM126717v1_genomic	GCF_001267175.1_ASM126717v1_genomic_NZ_CP012358.1 	19	2045320	2045395	Ala	TGC	74.2	
GCF_001267175.1_ASM126717v1_genomic	GCF_001267175.1_ASM126717v1_genomic_NZ_CP012358.1 	20	2051748	2051832	Tyr	GTA	63.1	
GCF_001267175.1_ASM126717v1_genomic	GCF_001267175.1_ASM126717v1_genomic_NZ_CP012358.1 	21	2051853	2051926	Gly	TCC	75.6	
GCF_001267175.1_ASM126717v1_genomic	GCF_001267175.1_ASM126717v1_genomic_NZ_CP012358.1 	22	2051954	2052029	Thr	GGT	73.0	
GCF_001267175.1_ASM126717v1_genomic	GCF_001267175.1_ASM126717v1_genomic_NZ_CP012358.1 	23	2053373	2053448	Trp	CCA	70.3	
GCF_001267175.1_ASM126717v1_genomic	GCF_001267175.1_ASM126717v1_genomic_NZ_CP012358.1 	24	2288572	2288648	Asp	GTC	81.1	
GCF_001267175.1_ASM126717v1_genomic	GCF_001267175.1_ASM126717v1_genomic_NZ_CP012358.1 	25	2324855	2324941	Asp	GTC	27.6	pseudo
GCF_001267175.1_ASM126717v1_genomic	GCF_001267175.1_ASM126717v1_genomic_NZ_CP012358.1 	26	2411904	2411989	Leu	GAG	57.7	
GCF_001267175.1_ASM126717v1_genomic	GCF_001267175.1_ASM126717v1_genomic_NZ_CP012358.1 	27	2482521	2482597	Ile	GAT	78.0	
GCF_001267175.1_ASM126717v1_genomic	GCF_001267175.1_ASM126717v1_genomic_NZ_CP012358.1 	28	2482738	2482813	Ala	TGC	74.2	
GCF_001267175.1_ASM126717v1_genomic	GCF_001267175.1_ASM126717v1_genomic_NZ_CP012358.1 	29	2254108	2254033	Gly	GCC	79.0	
GCF_001267175.1_ASM126717v1_genomic	GCF_001267175.1_ASM126717v1_genomic_NZ_CP012358.1 	30	2253988	2253915	Cys	GCA	60.0	
GCF_001267175.1_ASM126717v1_genomic	GCF_001267175.1_ASM126717v1_genomic_NZ_CP012358.1 	31	2135079	2135006	Met	CAT	82.0	
GCF_001267175.1_ASM126717v1_genomic	GCF_001267175.1_ASM126717v1_genomic_NZ_CP012358.1 	32	1817460	1817387	Ile	GAT	78.0	
GCF_001267175.1_ASM126717v1_genomic	GCF_001267175.1_ASM126717v1_genomic_NZ_CP012358.1 	33	1817243	1817171	Ala	TGC	74.2	
GCF_001267175.1_ASM126717v1_genomic	GCF_001267175.1_ASM126717v1_genomic_NZ_CP012358.1 	34	1558487	1558415	Thr	TGT	77.8	
GCF_001267175.1_ASM126717v1_genomic	GCF_001267175.1_ASM126717v1_genomic_NZ_CP012358.1 	35	1476319	1476235	Thr	TGT	28.5	pseudo
GCF_001267175.1_ASM126717v1_genomic	GCF_001267175.1_ASM126717v1_genomic_NZ_CP012358.1 	36	1348933	1348861	Asn	GTT	72.2	
GCF_001267175.1_ASM126717v1_genomic	GCF_001267175.1_ASM126717v1_genomic_NZ_CP012358.1 	37	1348855	1348782	Pro	TGG	73.1	
GCF_001267175.1_ASM126717v1_genomic	GCF_001267175.1_ASM126717v1_genomic_NZ_CP012358.1 	38	1348773	1348702	Lys	TTT	79.4	
GCF_001267175.1_ASM126717v1_genomic	GCF_001267175.1_ASM126717v1_genomic_NZ_CP012358.1 	39	1311055	1310984	Lys	TTT	79.4	
GCF_001267175.1_ASM126717v1_genomic	GCF_001267175.1_ASM126717v1_genomic_NZ_CP012358.1 	40	1279147	1279075	Val	TAC	73.6	
GCF_001267175.1_ASM126717v1_genomic	GCF_001267175.1_ASM126717v1_genomic_NZ_CP012358.1 	41	1279053	1278980	Asp	GTC	81.1	
GCF_001267175.1_ASM126717v1_genomic	GCF_001267175.1_ASM126717v1_genomic_NZ_CP012358.1 	42	1278937	1278865	Val	TAC	73.6	
GCF_001267175.1_ASM126717v1_genomic	GCF_001267175.1_ASM126717v1_genomic_NZ_CP012358.1 	43	1123138	1123065	Ile	GAT	78.0	
GCF_001267175.1_ASM126717v1_genomic	GCF_001267175.1_ASM126717v1_genomic_NZ_CP012358.1 	44	1122921	1122849	Ala	TGC	74.2	
GCF_001267175.1_ASM126717v1_genomic	GCF_001267175.1_ASM126717v1_genomic_NZ_CP012358.1 	45	1119173	1119100	Arg	CCT	73.5	
GCF_001267175.1_ASM126717v1_genomic	GCF_001267175.1_ASM126717v1_genomic_NZ_CP012358.1 	46	1045723	1045651	Glu	TTC	57.2	
GCF_001267175.1_ASM126717v1_genomic	GCF_001267175.1_ASM126717v1_genomic_NZ_CP012358.1 	47	1045641	1045566	Gly	GCC	79.0	
GCF_001267175.1_ASM126717v1_genomic	GCF_001267175.1_ASM126717v1_genomic_NZ_CP012358.1 	48	889491	889404	Ser	GCT	72.9	
GCF_001267175.1_ASM126717v1_genomic	GCF_001267175.1_ASM126717v1_genomic_NZ_CP012358.1 	49	889317	889244	Arg	ACG	76.7	
GCF_001267175.1_ASM126717v1_genomic	GCF_001267175.1_ASM126717v1_genomic_NZ_CP012358.1 	50	889180	889107	Arg	ACG	76.7	
GCF_001267175.1_ASM126717v1_genomic	GCF_001267175.1_ASM126717v1_genomic_NZ_CP012358.1 	51	821295	821211	Leu	TAA	64.8	
GCF_001267175.1_ASM126717v1_genomic	GCF_001267175.1_ASM126717v1_genomic_NZ_CP012358.1 	52	723619	723543	Arg	TCT	81.4	
GCF_001267175.1_ASM126717v1_genomic	GCF_001267175.1_ASM126717v1_genomic_NZ_CP012358.1 	53	723500	723425	His	GTG	71.9	
GCF_001267175.1_ASM126717v1_genomic	GCF_001267175.1_ASM126717v1_genomic_NZ_CP012358.1 	54	723383	723302	Leu	TAG	61.1	
GCF_001267175.1_ASM126717v1_genomic	GCF_001267175.1_ASM126717v1_genomic_NZ_CP012358.1 	55	503113	503027	Ser	GGA	65.9	
GCF_001267175.1_ASM126717v1_genomic	GCF_001267175.1_ASM126717v1_genomic_NZ_CP012358.1 	56	91390	91307	Leu	CAG	64.9	
GCF_001267315.1_ASM126731v1_genomic	GCF_001267315.1_ASM126731v1_genomic_NZ_CP012365.1 	1	24595	24671	Ile	GAT	78.0	
GCF_001267315.1_ASM126731v1_genomic	GCF_001267315.1_ASM126731v1_genomic_NZ_CP012365.1 	2	24950	25025	Ala	TGC	74.2	
GCF_001267315.1_ASM126731v1_genomic	GCF_001267315.1_ASM126731v1_genomic_NZ_CP012365.1 	3	262275	262350	Ala	GGC	68.4	
GCF_001267315.1_ASM126731v1_genomic	GCF_001267315.1_ASM126731v1_genomic_NZ_CP012365.1 	4	262407	262482	Glu	TTC	57.2	
GCF_001267315.1_ASM126731v1_genomic	GCF_001267315.1_ASM126731v1_genomic_NZ_CP012365.1 	5	262525	262600	Ala	GGC	68.4	
GCF_001267315.1_ASM126731v1_genomic	GCF_001267315.1_ASM126731v1_genomic_NZ_CP012365.1 	6	262637	262712	Glu	TTC	57.2	
GCF_001267315.1_ASM126731v1_genomic	GCF_001267315.1_ASM126731v1_genomic_NZ_CP012365.1 	7	340237	340313	Met	CAT	70.2	
GCF_001267315.1_ASM126731v1_genomic	GCF_001267315.1_ASM126731v1_genomic_NZ_CP012365.1 	8	444653	444729	Val	GAC	74.5	
GCF_001267315.1_ASM126731v1_genomic	GCF_001267315.1_ASM126731v1_genomic_NZ_CP012365.1 	9	460119	460193	Gln	TTG	55.7	
GCF_001267315.1_ASM126731v1_genomic	GCF_001267315.1_ASM126731v1_genomic_NZ_CP012365.1 	10	504824	504910	Leu	CAA	71.7	
GCF_001267315.1_ASM126731v1_genomic	GCF_001267315.1_ASM126731v1_genomic_NZ_CP012365.1 	11	1103407	1103483	Arg	CCG	80.7	
GCF_001267315.1_ASM126731v1_genomic	GCF_001267315.1_ASM126731v1_genomic_NZ_CP012365.1 	12	1161716	1161791	Phe	GAA	74.8	
GCF_001267315.1_ASM126731v1_genomic	GCF_001267315.1_ASM126731v1_genomic_NZ_CP012365.1 	13	1161837	1161911	Gln	TTG	55.7	
GCF_001267315.1_ASM126731v1_genomic	GCF_001267315.1_ASM126731v1_genomic_NZ_CP012365.1 	14	1567017	1567093	Ile	GAT	78.0	
GCF_001267315.1_ASM126731v1_genomic	GCF_001267315.1_ASM126731v1_genomic_NZ_CP012365.1 	15	1567372	1567447	Ala	TGC	74.2	
GCF_001267315.1_ASM126731v1_genomic	GCF_001267315.1_ASM126731v1_genomic_NZ_CP012365.1 	16	1573749	1573833	Tyr	GTA	63.1	
GCF_001267315.1_ASM126731v1_genomic	GCF_001267315.1_ASM126731v1_genomic_NZ_CP012365.1 	17	1573854	1573927	Gly	TCC	75.6	
GCF_001267315.1_ASM126731v1_genomic	GCF_001267315.1_ASM126731v1_genomic_NZ_CP012365.1 	18	1573955	1574030	Thr	GGT	73.0	
GCF_001267315.1_ASM126731v1_genomic	GCF_001267315.1_ASM126731v1_genomic_NZ_CP012365.1 	19	1575374	1575449	Trp	CCA	70.3	
GCF_001267315.1_ASM126731v1_genomic	GCF_001267315.1_ASM126731v1_genomic_NZ_CP012365.1 	20	1828345	1828421	Asp	GTC	81.1	
GCF_001267315.1_ASM126731v1_genomic	GCF_001267315.1_ASM126731v1_genomic_NZ_CP012365.1 	21	1906304	1906389	Leu	GAG	57.7	
GCF_001267315.1_ASM126731v1_genomic	GCF_001267315.1_ASM126731v1_genomic_NZ_CP012365.1 	22	1972720	1972796	Ile	GAT	78.0	
GCF_001267315.1_ASM126731v1_genomic	GCF_001267315.1_ASM126731v1_genomic_NZ_CP012365.1 	23	1973075	1973150	Ala	TGC	74.2	
GCF_001267315.1_ASM126731v1_genomic	GCF_001267315.1_ASM126731v1_genomic_NZ_CP012365.1 	24	2023413	2023500	Ser	TGA	69.3	
GCF_001267315.1_ASM126731v1_genomic	GCF_001267315.1_ASM126731v1_genomic_NZ_CP012365.1 	25	2097907	2097983	Met	CAT	70.2	
GCF_001267315.1_ASM126731v1_genomic	GCF_001267315.1_ASM126731v1_genomic_NZ_CP012365.1 	26	2212209	2212285	Pro	GGG	68.5	
GCF_001267315.1_ASM126731v1_genomic	GCF_001267315.1_ASM126731v1_genomic_NZ_CP012365.1 	27	2343049	2343125	Met	CAT	76.4	
GCF_001267315.1_ASM126731v1_genomic	GCF_001267315.1_ASM126731v1_genomic_NZ_CP012365.1 	28	2075581	2075498	Leu	CAG	64.9	
GCF_001267315.1_ASM126731v1_genomic	GCF_001267315.1_ASM126731v1_genomic_NZ_CP012365.1 	29	1782138	1782063	Gly	GCC	79.0	
GCF_001267315.1_ASM126731v1_genomic	GCF_001267315.1_ASM126731v1_genomic_NZ_CP012365.1 	30	1782018	1781945	Cys	GCA	60.0	
GCF_001267315.1_ASM126731v1_genomic	GCF_001267315.1_ASM126731v1_genomic_NZ_CP012365.1 	31	1657774	1657701	Met	CAT	82.0	
GCF_001267315.1_ASM126731v1_genomic	GCF_001267315.1_ASM126731v1_genomic_NZ_CP012365.1 	32	1337701	1337628	Ile	GAT	78.0	
GCF_001267315.1_ASM126731v1_genomic	GCF_001267315.1_ASM126731v1_genomic_NZ_CP012365.1 	33	1337346	1337274	Ala	TGC	74.2	
GCF_001267315.1_ASM126731v1_genomic	GCF_001267315.1_ASM126731v1_genomic_NZ_CP012365.1 	34	1063208	1063136	Thr	TGT	77.8	
GCF_001267315.1_ASM126731v1_genomic	GCF_001267315.1_ASM126731v1_genomic_NZ_CP012365.1 	35	933832	933760	Asn	GTT	72.2	
GCF_001267315.1_ASM126731v1_genomic	GCF_001267315.1_ASM126731v1_genomic_NZ_CP012365.1 	36	933754	933681	Pro	TGG	73.1	
GCF_001267315.1_ASM126731v1_genomic	GCF_001267315.1_ASM126731v1_genomic_NZ_CP012365.1 	37	933672	933601	Lys	TTT	79.4	
GCF_001267315.1_ASM126731v1_genomic	GCF_001267315.1_ASM126731v1_genomic_NZ_CP012365.1 	38	895930	895859	Lys	TTT	79.4	
GCF_001267315.1_ASM126731v1_genomic	GCF_001267315.1_ASM126731v1_genomic_NZ_CP012365.1 	39	864007	863935	Val	TAC	73.6	
GCF_001267315.1_ASM126731v1_genomic	GCF_001267315.1_ASM126731v1_genomic_NZ_CP012365.1 	40	863913	863840	Asp	GTC	81.1	
GCF_001267315.1_ASM126731v1_genomic	GCF_001267315.1_ASM126731v1_genomic_NZ_CP012365.1 	41	863797	863725	Val	TAC	73.6	
GCF_001267315.1_ASM126731v1_genomic	GCF_001267315.1_ASM126731v1_genomic_NZ_CP012365.1 	42	702786	702713	Ile	GAT	78.0	
GCF_001267315.1_ASM126731v1_genomic	GCF_001267315.1_ASM126731v1_genomic_NZ_CP012365.1 	43	702431	702359	Ala	TGC	74.2	
GCF_001267315.1_ASM126731v1_genomic	GCF_001267315.1_ASM126731v1_genomic_NZ_CP012365.1 	44	698685	698612	Arg	CCT	73.5	
GCF_001267315.1_ASM126731v1_genomic	GCF_001267315.1_ASM126731v1_genomic_NZ_CP012365.1 	45	632942	632870	Glu	TTC	57.2	
GCF_001267315.1_ASM126731v1_genomic	GCF_001267315.1_ASM126731v1_genomic_NZ_CP012365.1 	46	632860	632785	Gly	GCC	79.0	
GCF_001267315.1_ASM126731v1_genomic	GCF_001267315.1_ASM126731v1_genomic_NZ_CP012365.1 	47	483381	483294	Ser	GCT	72.9	
GCF_001267315.1_ASM126731v1_genomic	GCF_001267315.1_ASM126731v1_genomic_NZ_CP012365.1 	48	483207	483134	Arg	ACG	76.7	
GCF_001267315.1_ASM126731v1_genomic	GCF_001267315.1_ASM126731v1_genomic_NZ_CP012365.1 	49	483070	482997	Arg	ACG	76.7	
GCF_001267315.1_ASM126731v1_genomic	GCF_001267315.1_ASM126731v1_genomic_NZ_CP012365.1 	50	415175	415091	Leu	TAA	64.8	
GCF_001267315.1_ASM126731v1_genomic	GCF_001267315.1_ASM126731v1_genomic_NZ_CP012365.1 	51	287401	287325	Arg	TCT	81.4	
GCF_001267315.1_ASM126731v1_genomic	GCF_001267315.1_ASM126731v1_genomic_NZ_CP012365.1 	52	287282	287207	His	GTG	71.9	
GCF_001267315.1_ASM126731v1_genomic	GCF_001267315.1_ASM126731v1_genomic_NZ_CP012365.1 	53	287165	287084	Leu	TAG	61.1	
GCF_001267315.1_ASM126731v1_genomic	GCF_001267315.1_ASM126731v1_genomic_NZ_CP012365.1 	54	118507	118421	Ser	GGA	65.9	
GCF_030329025.1_ASM3032902v1_genomic	GCF_030329025.1_ASM3032902v1_genomic_NZ_JACANE010000013.1 	1	1933	2009	Ile	GAT	78.0	
GCF_030329025.1_ASM3032902v1_genomic	GCF_030329025.1_ASM3032902v1_genomic_NZ_JACANE010000013.1 	2	2113	2188	Ala	TGC	74.2	
GCF_030329025.1_ASM3032902v1_genomic	GCF_030329025.1_ASM3032902v1_genomic_NZ_JACANE010000001.1 	1	349	425	Arg	CCT	73.5	
GCF_030329025.1_ASM3032902v1_genomic	GCF_030329025.1_ASM3032902v1_genomic_NZ_JACANE010000001.1 	2	65997	66072	Glu	TTC	57.2	
GCF_030329025.1_ASM3032902v1_genomic	GCF_030329025.1_ASM3032902v1_genomic_NZ_JACANE010000001.1 	3	66079	66154	Gly	GCC	79.0	
GCF_030329025.1_ASM3032902v1_genomic	GCF_030329025.1_ASM3032902v1_genomic_NZ_JACANE010000001.1 	4	216249	216339	Ser	GCT	72.9	
GCF_030329025.1_ASM3032902v1_genomic	GCF_030329025.1_ASM3032902v1_genomic_NZ_JACANE010000001.1 	5	216526	216599	Arg	ACG	64.5	
GCF_030329025.1_ASM3032902v1_genomic	GCF_030329025.1_ASM3032902v1_genomic_NZ_JACANE010000001.1 	6	216660	216736	Arg	ACG	76.7	
GCF_030329025.1_ASM3032902v1_genomic	GCF_030329025.1_ASM3032902v1_genomic_NZ_JACANE010000001.1 	7	284509	284596	Leu	TAA	64.8	
GCF_030329025.1_ASM3032902v1_genomic	GCF_030329025.1_ASM3032902v1_genomic_NZ_JACANE010000001.1 	8	382773	382849	Arg	TCT	81.4	
GCF_030329025.1_ASM3032902v1_genomic	GCF_030329025.1_ASM3032902v1_genomic_NZ_JACANE010000001.1 	9	382892	382967	His	GTG	71.9	
GCF_030329025.1_ASM3032902v1_genomic	GCF_030329025.1_ASM3032902v1_genomic_NZ_JACANE010000001.1 	10	383009	383093	Leu	TAG	61.1	
GCF_030329025.1_ASM3032902v1_genomic	GCF_030329025.1_ASM3032902v1_genomic_NZ_JACANE010000001.1 	11	553151	553240	Ser	GGA	65.9	
GCF_030329025.1_ASM3032902v1_genomic	GCF_030329025.1_ASM3032902v1_genomic_NZ_JACANE010000001.1 	12	406660	406588	Ala	GGC	68.4	
GCF_030329025.1_ASM3032902v1_genomic	GCF_030329025.1_ASM3032902v1_genomic_NZ_JACANE010000001.1 	13	406528	406456	Glu	TTC	57.2	
GCF_030329025.1_ASM3032902v1_genomic	GCF_030329025.1_ASM3032902v1_genomic_NZ_JACANE010000001.1 	14	406410	406338	Ala	GGC	68.4	
GCF_030329025.1_ASM3032902v1_genomic	GCF_030329025.1_ASM3032902v1_genomic_NZ_JACANE010000001.1 	15	406298	406226	Glu	TTC	57.2	
GCF_030329025.1_ASM3032902v1_genomic	GCF_030329025.1_ASM3032902v1_genomic_NZ_JACANE010000001.1 	16	329944	329871	Met	CAT	70.2	
GCF_030329025.1_ASM3032902v1_genomic	GCF_030329025.1_ASM3032902v1_genomic_NZ_JACANE010000001.1 	17	255076	255003	Val	GAC	74.5	
GCF_030329025.1_ASM3032902v1_genomic	GCF_030329025.1_ASM3032902v1_genomic_NZ_JACANE010000001.1 	18	239609	239538	Gln	TTG	55.7	
GCF_030329025.1_ASM3032902v1_genomic	GCF_030329025.1_ASM3032902v1_genomic_NZ_JACANE010000001.1 	19	194805	194722	Leu	CAA	71.7	
GCF_030329025.1_ASM3032902v1_genomic	GCF_030329025.1_ASM3032902v1_genomic_NZ_JACANE010000002.1 	1	2920	3004	Tyr	GTA	63.1	
GCF_030329025.1_ASM3032902v1_genomic	GCF_030329025.1_ASM3032902v1_genomic_NZ_JACANE010000002.1 	2	3025	3098	Gly	TCC	75.6	
GCF_030329025.1_ASM3032902v1_genomic	GCF_030329025.1_ASM3032902v1_genomic_NZ_JACANE010000002.1 	3	3126	3201	Thr	GGT	73.0	
GCF_030329025.1_ASM3032902v1_genomic	GCF_030329025.1_ASM3032902v1_genomic_NZ_JACANE010000002.1 	4	4545	4620	Trp	CCA	70.3	
GCF_030329025.1_ASM3032902v1_genomic	GCF_030329025.1_ASM3032902v1_genomic_NZ_JACANE010000002.1 	5	238687	238763	Asp	GTC	81.1	
GCF_030329025.1_ASM3032902v1_genomic	GCF_030329025.1_ASM3032902v1_genomic_NZ_JACANE010000002.1 	6	304098	304183	Leu	GAG	57.7	
GCF_030329025.1_ASM3032902v1_genomic	GCF_030329025.1_ASM3032902v1_genomic_NZ_JACANE010000002.1 	7	205754	205679	Gly	GCC	79.0	
GCF_030329025.1_ASM3032902v1_genomic	GCF_030329025.1_ASM3032902v1_genomic_NZ_JACANE010000002.1 	8	205634	205561	Cys	GCA	60.0	
GCF_030329025.1_ASM3032902v1_genomic	GCF_030329025.1_ASM3032902v1_genomic_NZ_JACANE010000002.1 	9	86947	86874	Met	CAT	82.0	
GCF_030329025.1_ASM3032902v1_genomic	GCF_030329025.1_ASM3032902v1_genomic_NZ_JACANE010000003.1 	1	163460	163388	Asn	GTT	72.2	
GCF_030329025.1_ASM3032902v1_genomic	GCF_030329025.1_ASM3032902v1_genomic_NZ_JACANE010000003.1 	2	163382	163309	Pro	TGG	73.1	
GCF_030329025.1_ASM3032902v1_genomic	GCF_030329025.1_ASM3032902v1_genomic_NZ_JACANE010000003.1 	3	163300	163229	Lys	TTT	79.4	
GCF_030329025.1_ASM3032902v1_genomic	GCF_030329025.1_ASM3032902v1_genomic_NZ_JACANE010000003.1 	4	125575	125504	Lys	TTT	79.4	
GCF_030329025.1_ASM3032902v1_genomic	GCF_030329025.1_ASM3032902v1_genomic_NZ_JACANE010000003.1 	5	93655	93583	Val	TAC	73.6	
GCF_030329025.1_ASM3032902v1_genomic	GCF_030329025.1_ASM3032902v1_genomic_NZ_JACANE010000003.1 	6	93561	93488	Asp	GTC	81.1	
GCF_030329025.1_ASM3032902v1_genomic	GCF_030329025.1_ASM3032902v1_genomic_NZ_JACANE010000003.1 	7	93445	93373	Val	TAC	73.6	
GCF_030329025.1_ASM3032902v1_genomic	GCF_030329025.1_ASM3032902v1_genomic_NZ_JACANE010000004.1 	1	56357	56433	Arg	CCG	80.7	
GCF_030329025.1_ASM3032902v1_genomic	GCF_030329025.1_ASM3032902v1_genomic_NZ_JACANE010000004.1 	2	114575	114650	Phe	GAA	74.8	
GCF_030329025.1_ASM3032902v1_genomic	GCF_030329025.1_ASM3032902v1_genomic_NZ_JACANE010000004.1 	3	114696	114770	Gln	TTG	55.7	
GCF_030329025.1_ASM3032902v1_genomic	GCF_030329025.1_ASM3032902v1_genomic_NZ_JACANE010000004.1 	4	16182	16110	Thr	TGT	77.8	
GCF_030329025.1_ASM3032902v1_genomic	GCF_030329025.1_ASM3032902v1_genomic_NZ_JACANE010000006.1 	1	73325	73411	Leu	CAG	64.9	
GCF_030329025.1_ASM3032902v1_genomic	GCF_030329025.1_ASM3032902v1_genomic_NZ_JACANE010000006.1 	2	125494	125410	Ser	TGA	69.3	
GCF_030329025.1_ASM3032902v1_genomic	GCF_030329025.1_ASM3032902v1_genomic_NZ_JACANE010000006.1 	3	50996	50923	Met	CAT	70.2	
GCF_030329025.1_ASM3032902v1_genomic	GCF_030329025.1_ASM3032902v1_genomic_NZ_JACANE010000007.1 	1	31815	31891	Pro	GGG	68.5	
GCF_030329025.1_ASM3032902v1_genomic	GCF_030329025.1_ASM3032902v1_genomic_NZ_JACANE010000008.1 	1	63205	63281	Met	CAT	76.4	
GCF_001267295.1_ASM126729v1_genomic	GCF_001267295.1_ASM126729v1_genomic_NZ_CP012364.1 	1	23784	23860	Ile	GAT	78.0	
GCF_001267295.1_ASM126729v1_genomic	GCF_001267295.1_ASM126729v1_genomic_NZ_CP012364.1 	2	24023	24098	Ala	TGC	74.2	
GCF_001267295.1_ASM126729v1_genomic	GCF_001267295.1_ASM126729v1_genomic_NZ_CP012364.1 	3	260381	260456	Ala	GGC	68.4	
GCF_001267295.1_ASM126729v1_genomic	GCF_001267295.1_ASM126729v1_genomic_NZ_CP012364.1 	4	260513	260588	Glu	TTC	57.2	
GCF_001267295.1_ASM126729v1_genomic	GCF_001267295.1_ASM126729v1_genomic_NZ_CP012364.1 	5	336405	336481	Met	CAT	70.2	
GCF_001267295.1_ASM126729v1_genomic	GCF_001267295.1_ASM126729v1_genomic_NZ_CP012364.1 	6	405640	405716	Val	GAC	74.5	
GCF_001267295.1_ASM126729v1_genomic	GCF_001267295.1_ASM126729v1_genomic_NZ_CP012364.1 	7	421108	421182	Gln	TTG	55.7	
GCF_001267295.1_ASM126729v1_genomic	GCF_001267295.1_ASM126729v1_genomic_NZ_CP012364.1 	8	465814	465900	Leu	CAA	71.7	
GCF_001267295.1_ASM126729v1_genomic	GCF_001267295.1_ASM126729v1_genomic_NZ_CP012364.1 	9	895109	895184	Gly	GCC	79.0	
GCF_001267295.1_ASM126729v1_genomic	GCF_001267295.1_ASM126729v1_genomic_NZ_CP012364.1 	10	895229	895302	Cys	GCA	60.0	
GCF_001267295.1_ASM126729v1_genomic	GCF_001267295.1_ASM126729v1_genomic_NZ_CP012364.1 	11	1014127	1014203	Met	CAT	82.0	
GCF_001267295.1_ASM126729v1_genomic	GCF_001267295.1_ASM126729v1_genomic_NZ_CP012364.1 	12	1334545	1334621	Ile	GAT	78.0	
GCF_001267295.1_ASM126729v1_genomic	GCF_001267295.1_ASM126729v1_genomic_NZ_CP012364.1 	13	1334762	1334837	Ala	TGC	74.2	
GCF_001267295.1_ASM126729v1_genomic	GCF_001267295.1_ASM126729v1_genomic_NZ_CP012364.1 	14	1570074	1570149	Thr	TGT	77.8	
GCF_001267295.1_ASM126729v1_genomic	GCF_001267295.1_ASM126729v1_genomic_NZ_CP012364.1 	15	1648709	1648793	Thr	TGT	24.0	pseudo
GCF_001267295.1_ASM126729v1_genomic	GCF_001267295.1_ASM126729v1_genomic_NZ_CP012364.1 	16	1772498	1772573	Asn	GTT	72.2	
GCF_001267295.1_ASM126729v1_genomic	GCF_001267295.1_ASM126729v1_genomic_NZ_CP012364.1 	17	1772576	1772652	Pro	TGG	73.1	
GCF_001267295.1_ASM126729v1_genomic	GCF_001267295.1_ASM126729v1_genomic_NZ_CP012364.1 	18	1772658	1772732	Lys	TTT	79.4	
GCF_001267295.1_ASM126729v1_genomic	GCF_001267295.1_ASM126729v1_genomic_NZ_CP012364.1 	19	1810376	1810450	Lys	TTT	79.4	
GCF_001267295.1_ASM126729v1_genomic	GCF_001267295.1_ASM126729v1_genomic_NZ_CP012364.1 	20	1842295	1842370	Val	TAC	73.6	
GCF_001267295.1_ASM126729v1_genomic	GCF_001267295.1_ASM126729v1_genomic_NZ_CP012364.1 	21	1842389	1842465	Asp	GTC	81.1	
GCF_001267295.1_ASM126729v1_genomic	GCF_001267295.1_ASM126729v1_genomic_NZ_CP012364.1 	22	1842505	1842580	Val	TAC	73.6	
GCF_001267295.1_ASM126729v1_genomic	GCF_001267295.1_ASM126729v1_genomic_NZ_CP012364.1 	23	1985488	1985564	Ile	GAT	78.0	
GCF_001267295.1_ASM126729v1_genomic	GCF_001267295.1_ASM126729v1_genomic_NZ_CP012364.1 	24	1985705	1985780	Ala	TGC	74.2	
GCF_001267295.1_ASM126729v1_genomic	GCF_001267295.1_ASM126729v1_genomic_NZ_CP012364.1 	25	1989450	1989527	Arg	CCT	34.6	pseudo
GCF_001267295.1_ASM126729v1_genomic	GCF_001267295.1_ASM126729v1_genomic_NZ_CP012364.1 	26	2029132	2029219	Ser	TGA	69.3	
GCF_001267295.1_ASM126729v1_genomic	GCF_001267295.1_ASM126729v1_genomic_NZ_CP012364.1 	27	2103639	2103715	Met	CAT	70.2	
GCF_001267295.1_ASM126729v1_genomic	GCF_001267295.1_ASM126729v1_genomic_NZ_CP012364.1 	28	2186684	2186760	Pro	GGG	68.5	
GCF_001267295.1_ASM126729v1_genomic	GCF_001267295.1_ASM126729v1_genomic_NZ_CP012364.1 	29	2223564	2223640	Pro	GGG	68.5	
GCF_001267295.1_ASM126729v1_genomic	GCF_001267295.1_ASM126729v1_genomic_NZ_CP012364.1 	30	2275836	2275763	Met	CAT	76.4	
GCF_001267295.1_ASM126729v1_genomic	GCF_001267295.1_ASM126729v1_genomic_NZ_CP012364.1 	31	2081314	2081231	Leu	CAG	64.9	
GCF_001267295.1_ASM126729v1_genomic	GCF_001267295.1_ASM126729v1_genomic_NZ_CP012364.1 	32	1529650	1529577	Arg	CCG	79.1	
GCF_001267295.1_ASM126729v1_genomic	GCF_001267295.1_ASM126729v1_genomic_NZ_CP012364.1 	33	1470846	1470774	Phe	GAA	74.8	
GCF_001267295.1_ASM126729v1_genomic	GCF_001267295.1_ASM126729v1_genomic_NZ_CP012364.1 	34	1470725	1470654	Gln	TTG	55.7	
GCF_001267295.1_ASM126729v1_genomic	GCF_001267295.1_ASM126729v1_genomic_NZ_CP012364.1 	35	1104287	1104214	Ile	GAT	78.0	
GCF_001267295.1_ASM126729v1_genomic	GCF_001267295.1_ASM126729v1_genomic_NZ_CP012364.1 	36	1104070	1103998	Ala	TGC	74.2	
GCF_001267295.1_ASM126729v1_genomic	GCF_001267295.1_ASM126729v1_genomic_NZ_CP012364.1 	37	1097643	1097562	Tyr	GTA	63.1	
GCF_001267295.1_ASM126729v1_genomic	GCF_001267295.1_ASM126729v1_genomic_NZ_CP012364.1 	38	1097538	1097465	Gly	TCC	75.6	
GCF_001267295.1_ASM126729v1_genomic	GCF_001267295.1_ASM126729v1_genomic_NZ_CP012364.1 	39	1097437	1097362	Thr	GGT	73.0	
GCF_001267295.1_ASM126729v1_genomic	GCF_001267295.1_ASM126729v1_genomic_NZ_CP012364.1 	40	1096018	1095946	Trp	CCA	70.3	
GCF_001267295.1_ASM126729v1_genomic	GCF_001267295.1_ASM126729v1_genomic_NZ_CP012364.1 	41	862451	862378	Asp	GTC	81.1	
GCF_001267295.1_ASM126729v1_genomic	GCF_001267295.1_ASM126729v1_genomic_NZ_CP012364.1 	42	832044	831958	Asp	GTC	27.6	pseudo
GCF_001267295.1_ASM126729v1_genomic	GCF_001267295.1_ASM126729v1_genomic_NZ_CP012364.1 	43	745461	745379	Leu	GAG	57.7	
GCF_001267295.1_ASM126729v1_genomic	GCF_001267295.1_ASM126729v1_genomic_NZ_CP012364.1 	44	676537	676464	Ile	GAT	78.0	
GCF_001267295.1_ASM126729v1_genomic	GCF_001267295.1_ASM126729v1_genomic_NZ_CP012364.1 	45	676320	676248	Ala	TGC	74.2	
GCF_001267295.1_ASM126729v1_genomic	GCF_001267295.1_ASM126729v1_genomic_NZ_CP012364.1 	46	662663	662590	Arg	CCT	73.5	
GCF_001267295.1_ASM126729v1_genomic	GCF_001267295.1_ASM126729v1_genomic_NZ_CP012364.1 	47	597057	596985	Glu	TTC	57.2	
GCF_001267295.1_ASM126729v1_genomic	GCF_001267295.1_ASM126729v1_genomic_NZ_CP012364.1 	48	596975	596900	Gly	GCC	79.0	
GCF_001267295.1_ASM126729v1_genomic	GCF_001267295.1_ASM126729v1_genomic_NZ_CP012364.1 	49	444370	444283	Ser	GCT	72.9	
GCF_001267295.1_ASM126729v1_genomic	GCF_001267295.1_ASM126729v1_genomic_NZ_CP012364.1 	50	444196	444123	Arg	ACG	76.7	
GCF_001267295.1_ASM126729v1_genomic	GCF_001267295.1_ASM126729v1_genomic_NZ_CP012364.1 	51	444059	443986	Arg	ACG	76.7	
GCF_001267295.1_ASM126729v1_genomic	GCF_001267295.1_ASM126729v1_genomic_NZ_CP012364.1 	52	376208	376124	Leu	TAA	64.8	
GCF_001267295.1_ASM126729v1_genomic	GCF_001267295.1_ASM126729v1_genomic_NZ_CP012364.1 	53	283551	283475	Arg	TCT	81.4	
GCF_001267295.1_ASM126729v1_genomic	GCF_001267295.1_ASM126729v1_genomic_NZ_CP012364.1 	54	283432	283357	His	GTG	71.9	
GCF_001267295.1_ASM126729v1_genomic	GCF_001267295.1_ASM126729v1_genomic_NZ_CP012364.1 	55	283315	283234	Leu	TAG	61.1	
GCF_001267295.1_ASM126729v1_genomic	GCF_001267295.1_ASM126729v1_genomic_NZ_CP012364.1 	56	116477	116391	Ser	GGA	65.9	
GCF_030328955.1_ASM3032895v1_genomic	GCF_030328955.1_ASM3032895v1_genomic_NZ_JACANB010000010.1 	1	42451	42378	Arg	CCT	73.5	
GCF_030328955.1_ASM3032895v1_genomic	GCF_030328955.1_ASM3032895v1_genomic_NZ_JACANB010000015.1 	1	15255	15183	Trp	CCA	70.3	
GCF_030328955.1_ASM3032895v1_genomic	GCF_030328955.1_ASM3032895v1_genomic_NZ_JACANB010000001.1 	1	419190	419265	Gly	GCC	79.0	
GCF_030328955.1_ASM3032895v1_genomic	GCF_030328955.1_ASM3032895v1_genomic_NZ_JACANB010000001.1 	2	419310	419383	Cys	GCA	60.0	
GCF_030328955.1_ASM3032895v1_genomic	GCF_030328955.1_ASM3032895v1_genomic_NZ_JACANB010000001.1 	3	545952	546028	Met	CAT	82.0	
GCF_030328955.1_ASM3032895v1_genomic	GCF_030328955.1_ASM3032895v1_genomic_NZ_JACANB010000001.1 	4	386299	386226	Asp	GTC	81.1	
GCF_030328955.1_ASM3032895v1_genomic	GCF_030328955.1_ASM3032895v1_genomic_NZ_JACANB010000001.1 	5	312961	312879	Leu	GAG	57.7	
GCF_030328955.1_ASM3032895v1_genomic	GCF_030328955.1_ASM3032895v1_genomic_NZ_JACANB010000001.1 	6	225356	225284	Glu	TTC	57.2	
GCF_030328955.1_ASM3032895v1_genomic	GCF_030328955.1_ASM3032895v1_genomic_NZ_JACANB010000001.1 	7	225274	225199	Gly	GCC	79.0	
GCF_030328955.1_ASM3032895v1_genomic	GCF_030328955.1_ASM3032895v1_genomic_NZ_JACANB010000001.1 	8	141867	141794	Met	CAT	70.2	
GCF_030328955.1_ASM3032895v1_genomic	GCF_030328955.1_ASM3032895v1_genomic_NZ_JACANB010000001.1 	9	58817	58744	Pro	GGG	68.5	
GCF_030328955.1_ASM3032895v1_genomic	GCF_030328955.1_ASM3032895v1_genomic_NZ_JACANB010000026.1 	1	1431	1507	Ile	GAT	78.0	
GCF_030328955.1_ASM3032895v1_genomic	GCF_030328955.1_ASM3032895v1_genomic_NZ_JACANB010000027.1 	1	500	419	Tyr	GTA	63.1	
GCF_030328955.1_ASM3032895v1_genomic	GCF_030328955.1_ASM3032895v1_genomic_NZ_JACANB010000027.1 	2	395	322	Gly	TCC	75.6	
GCF_030328955.1_ASM3032895v1_genomic	GCF_030328955.1_ASM3032895v1_genomic_NZ_JACANB010000027.1 	3	294	219	Thr	GGT	73.0	
GCF_030328955.1_ASM3032895v1_genomic	GCF_030328955.1_ASM3032895v1_genomic_NZ_JACANB010000002.1 	1	415877	415953	Arg	CCG	79.2	
GCF_030328955.1_ASM3032895v1_genomic	GCF_030328955.1_ASM3032895v1_genomic_NZ_JACANB010000002.1 	2	483971	484046	Phe	GAA	74.8	
GCF_030328955.1_ASM3032895v1_genomic	GCF_030328955.1_ASM3032895v1_genomic_NZ_JACANB010000002.1 	3	484092	484166	Gln	TTG	55.7	
GCF_030328955.1_ASM3032895v1_genomic	GCF_030328955.1_ASM3032895v1_genomic_NZ_JACANB010000002.1 	4	360421	360349	Thr	TGT	77.3	
GCF_030328955.1_ASM3032895v1_genomic	GCF_030328955.1_ASM3032895v1_genomic_NZ_JACANB010000002.1 	5	215701	215629	Asn	GTT	72.2	
GCF_030328955.1_ASM3032895v1_genomic	GCF_030328955.1_ASM3032895v1_genomic_NZ_JACANB010000002.1 	6	215623	215550	Pro	TGG	73.1	
GCF_030328955.1_ASM3032895v1_genomic	GCF_030328955.1_ASM3032895v1_genomic_NZ_JACANB010000002.1 	7	215541	215470	Lys	TTT	79.4	
GCF_030328955.1_ASM3032895v1_genomic	GCF_030328955.1_ASM3032895v1_genomic_NZ_JACANB010000002.1 	8	177824	177753	Lys	TTT	79.4	
GCF_030328955.1_ASM3032895v1_genomic	GCF_030328955.1_ASM3032895v1_genomic_NZ_JACANB010000002.1 	9	146134	146062	Val	TAC	73.6	
GCF_030328955.1_ASM3032895v1_genomic	GCF_030328955.1_ASM3032895v1_genomic_NZ_JACANB010000002.1 	10	146040	145967	Asp	GTC	81.1	
GCF_030328955.1_ASM3032895v1_genomic	GCF_030328955.1_ASM3032895v1_genomic_NZ_JACANB010000002.1 	11	145924	145852	Val	TAC	73.6	
GCF_030328955.1_ASM3032895v1_genomic	GCF_030328955.1_ASM3032895v1_genomic_NZ_JACANB010000003.1 	1	73879	73955	Arg	TCT	81.4	
GCF_030328955.1_ASM3032895v1_genomic	GCF_030328955.1_ASM3032895v1_genomic_NZ_JACANB010000003.1 	2	73998	74073	His	GTG	71.9	
GCF_030328955.1_ASM3032895v1_genomic	GCF_030328955.1_ASM3032895v1_genomic_NZ_JACANB010000003.1 	3	74115	74199	Leu	TAG	61.1	
GCF_030328955.1_ASM3032895v1_genomic	GCF_030328955.1_ASM3032895v1_genomic_NZ_JACANB010000003.1 	4	245135	245224	Ser	GGA	68.8	
GCF_030328955.1_ASM3032895v1_genomic	GCF_030328955.1_ASM3032895v1_genomic_NZ_JACANB010000003.1 	5	98670	98598	Ala	GGC	68.4	
GCF_030328955.1_ASM3032895v1_genomic	GCF_030328955.1_ASM3032895v1_genomic_NZ_JACANB010000003.1 	6	98538	98466	Glu	TTC	57.2	
GCF_030328955.1_ASM3032895v1_genomic	GCF_030328955.1_ASM3032895v1_genomic_NZ_JACANB010000003.1 	7	98420	98348	Ala	GGC	68.4	
GCF_030328955.1_ASM3032895v1_genomic	GCF_030328955.1_ASM3032895v1_genomic_NZ_JACANB010000003.1 	8	98308	98236	Glu	TTC	57.2	
GCF_030328955.1_ASM3032895v1_genomic	GCF_030328955.1_ASM3032895v1_genomic_NZ_JACANB010000003.1 	9	21041	20968	Met	CAT	70.2	
GCF_030328955.1_ASM3032895v1_genomic	GCF_030328955.1_ASM3032895v1_genomic_NZ_JACANB010000004.1 	1	49249	49336	Ser	TGA	69.3	
GCF_030328955.1_ASM3032895v1_genomic	GCF_030328955.1_ASM3032895v1_genomic_NZ_JACANB010000004.1 	2	194877	194967	Ser	GCT	72.9	
GCF_030328955.1_ASM3032895v1_genomic	GCF_030328955.1_ASM3032895v1_genomic_NZ_JACANB010000004.1 	3	195051	195127	Arg	ACG	76.7	
GCF_030328955.1_ASM3032895v1_genomic	GCF_030328955.1_ASM3032895v1_genomic_NZ_JACANB010000004.1 	4	195188	195261	Arg	ACG	76.7	
GCF_030328955.1_ASM3032895v1_genomic	GCF_030328955.1_ASM3032895v1_genomic_NZ_JACANB010000004.1 	5	264437	264524	Leu	TAA	64.8	
GCF_030328955.1_ASM3032895v1_genomic	GCF_030328955.1_ASM3032895v1_genomic_NZ_JACANB010000004.1 	6	234975	234902	Val	GAC	74.5	
GCF_030328955.1_ASM3032895v1_genomic	GCF_030328955.1_ASM3032895v1_genomic_NZ_JACANB010000004.1 	7	219507	219436	Gln	TTG	55.7	
GCF_030328955.1_ASM3032895v1_genomic	GCF_030328955.1_ASM3032895v1_genomic_NZ_JACANB010000004.1 	8	172508	172425	Leu	CAA	71.7	
GCF_030328955.1_ASM3032895v1_genomic	GCF_030328955.1_ASM3032895v1_genomic_NZ_JACANB010000004.1 	9	101441	101358	Leu	CAG	64.9	
GCF_030328955.1_ASM3032895v1_genomic	GCF_030328955.1_ASM3032895v1_genomic_NZ_JACANB010000005.1 	1	190013	190088	Val	TAC	51.5	
GCF_030328955.1_ASM3032895v1_genomic	GCF_030328955.1_ASM3032895v1_genomic_NZ_JACANB010000007.1 	1	77520	77596	Met	CAT	76.4	
GCF_030328955.1_ASM3032895v1_genomic	GCF_030328955.1_ASM3032895v1_genomic_NZ_JACANB010000008.1 	1	60538	60614	Arg	TCT	83.1	
GCF_001267255.1_ASM126725v1_genomic	GCF_001267255.1_ASM126725v1_genomic_NZ_CP012362.1 	1	259	335	Arg	CCT	73.5	
GCF_001267255.1_ASM126725v1_genomic	GCF_001267255.1_ASM126725v1_genomic_NZ_CP012362.1 	2	67878	67953	Glu	TTC	57.2	
GCF_001267255.1_ASM126725v1_genomic	GCF_001267255.1_ASM126725v1_genomic_NZ_CP012362.1 	3	67960	68035	Gly	GCC	79.0	
GCF_001267255.1_ASM126725v1_genomic	GCF_001267255.1_ASM126725v1_genomic_NZ_CP012362.1 	4	223569	223659	Ser	GCT	72.9	
GCF_001267255.1_ASM126725v1_genomic	GCF_001267255.1_ASM126725v1_genomic_NZ_CP012362.1 	5	223743	223819	Arg	ACG	76.7	
GCF_001267255.1_ASM126725v1_genomic	GCF_001267255.1_ASM126725v1_genomic_NZ_CP012362.1 	6	223880	223956	Arg	ACG	76.7	
GCF_001267255.1_ASM126725v1_genomic	GCF_001267255.1_ASM126725v1_genomic_NZ_CP012362.1 	7	291727	291814	Leu	TAA	64.8	
GCF_001267255.1_ASM126725v1_genomic	GCF_001267255.1_ASM126725v1_genomic_NZ_CP012362.1 	8	387391	387467	Arg	TCT	81.4	
GCF_001267255.1_ASM126725v1_genomic	GCF_001267255.1_ASM126725v1_genomic_NZ_CP012362.1 	9	387510	387585	His	GTG	71.9	
GCF_001267255.1_ASM126725v1_genomic	GCF_001267255.1_ASM126725v1_genomic_NZ_CP012362.1 	10	387627	387711	Leu	TAG	61.1	
GCF_001267255.1_ASM126725v1_genomic	GCF_001267255.1_ASM126725v1_genomic_NZ_CP012362.1 	11	556016	556105	Ser	GGA	65.9	
GCF_001267255.1_ASM126725v1_genomic	GCF_001267255.1_ASM126725v1_genomic_NZ_CP012362.1 	12	952874	952960	Leu	CAG	64.9	
GCF_001267255.1_ASM126725v1_genomic	GCF_001267255.1_ASM126725v1_genomic_NZ_CP012362.1 	13	1453131	1453207	Arg	CCG	79.2	
GCF_001267255.1_ASM126725v1_genomic	GCF_001267255.1_ASM126725v1_genomic_NZ_CP012362.1 	14	1520797	1520872	Phe	GAA	74.8	
GCF_001267255.1_ASM126725v1_genomic	GCF_001267255.1_ASM126725v1_genomic_NZ_CP012362.1 	15	1520918	1520992	Gln	TTG	55.7	
GCF_001267255.1_ASM126725v1_genomic	GCF_001267255.1_ASM126725v1_genomic_NZ_CP012362.1 	16	1888895	1888971	Ile	GAT	78.0	
GCF_001267255.1_ASM126725v1_genomic	GCF_001267255.1_ASM126725v1_genomic_NZ_CP012362.1 	17	1889112	1889187	Ala	TGC	74.2	
GCF_001267255.1_ASM126725v1_genomic	GCF_001267255.1_ASM126725v1_genomic_NZ_CP012362.1 	18	1895540	1895624	Tyr	GTA	63.1	
GCF_001267255.1_ASM126725v1_genomic	GCF_001267255.1_ASM126725v1_genomic_NZ_CP012362.1 	19	1895645	1895718	Gly	TCC	75.6	
GCF_001267255.1_ASM126725v1_genomic	GCF_001267255.1_ASM126725v1_genomic_NZ_CP012362.1 	20	1895746	1895821	Thr	GGT	73.0	
GCF_001267255.1_ASM126725v1_genomic	GCF_001267255.1_ASM126725v1_genomic_NZ_CP012362.1 	21	1897165	1897240	Trp	CCA	70.3	
GCF_001267255.1_ASM126725v1_genomic	GCF_001267255.1_ASM126725v1_genomic_NZ_CP012362.1 	22	2134174	2134250	Asp	GTC	81.1	
GCF_001267255.1_ASM126725v1_genomic	GCF_001267255.1_ASM126725v1_genomic_NZ_CP012362.1 	23	2225714	2225799	Leu	GAG	57.7	
GCF_001267255.1_ASM126725v1_genomic	GCF_001267255.1_ASM126725v1_genomic_NZ_CP012362.1 	24	2098209	2098134	Gly	GCC	79.0	
GCF_001267255.1_ASM126725v1_genomic	GCF_001267255.1_ASM126725v1_genomic_NZ_CP012362.1 	25	2098089	2098016	Cys	GCA	60.0	
GCF_001267255.1_ASM126725v1_genomic	GCF_001267255.1_ASM126725v1_genomic_NZ_CP012362.1 	26	1979189	1979116	Met	CAT	82.0	
GCF_001267255.1_ASM126725v1_genomic	GCF_001267255.1_ASM126725v1_genomic_NZ_CP012362.1 	27	1672318	1672245	Ile	GAT	78.0	
GCF_001267255.1_ASM126725v1_genomic	GCF_001267255.1_ASM126725v1_genomic_NZ_CP012362.1 	28	1672101	1672029	Ala	TGC	74.2	
GCF_001267255.1_ASM126725v1_genomic	GCF_001267255.1_ASM126725v1_genomic_NZ_CP012362.1 	29	1412753	1412681	Thr	TGT	77.8	
GCF_001267255.1_ASM126725v1_genomic	GCF_001267255.1_ASM126725v1_genomic_NZ_CP012362.1 	30	1295804	1295732	Asn	GTT	72.2	
GCF_001267255.1_ASM126725v1_genomic	GCF_001267255.1_ASM126725v1_genomic_NZ_CP012362.1 	31	1295726	1295653	Pro	TGG	73.1	
GCF_001267255.1_ASM126725v1_genomic	GCF_001267255.1_ASM126725v1_genomic_NZ_CP012362.1 	32	1295644	1295573	Lys	TTT	79.4	
GCF_001267255.1_ASM126725v1_genomic	GCF_001267255.1_ASM126725v1_genomic_NZ_CP012362.1 	33	1257899	1257828	Lys	TTT	79.4	
GCF_001267255.1_ASM126725v1_genomic	GCF_001267255.1_ASM126725v1_genomic_NZ_CP012362.1 	34	1224199	1224127	Val	TAC	73.6	
GCF_001267255.1_ASM126725v1_genomic	GCF_001267255.1_ASM126725v1_genomic_NZ_CP012362.1 	35	1224105	1224032	Asp	GTC	81.1	
GCF_001267255.1_ASM126725v1_genomic	GCF_001267255.1_ASM126725v1_genomic_NZ_CP012362.1 	36	1223989	1223917	Val	TAC	73.6	
GCF_001267255.1_ASM126725v1_genomic	GCF_001267255.1_ASM126725v1_genomic_NZ_CP012362.1 	37	1078985	1078912	Ile	GAT	78.0	
GCF_001267255.1_ASM126725v1_genomic	GCF_001267255.1_ASM126725v1_genomic_NZ_CP012362.1 	38	1078768	1078696	Ala	TGC	74.2	
GCF_001267255.1_ASM126725v1_genomic	GCF_001267255.1_ASM126725v1_genomic_NZ_CP012362.1 	39	1075020	1074947	Arg	CCT	73.5	
GCF_001267255.1_ASM126725v1_genomic	GCF_001267255.1_ASM126725v1_genomic_NZ_CP012362.1 	40	1031592	1031508	Ser	TGA	69.3	
GCF_001267255.1_ASM126725v1_genomic	GCF_001267255.1_ASM126725v1_genomic_NZ_CP012362.1 	41	930549	930476	Met	CAT	70.2	
GCF_001267255.1_ASM126725v1_genomic	GCF_001267255.1_ASM126725v1_genomic_NZ_CP012362.1 	42	845674	845601	Pro	GGG	68.5	
GCF_001267255.1_ASM126725v1_genomic	GCF_001267255.1_ASM126725v1_genomic_NZ_CP012362.1 	43	692922	692849	Met	CAT	76.4	
GCF_001267255.1_ASM126725v1_genomic	GCF_001267255.1_ASM126725v1_genomic_NZ_CP012362.1 	44	646989	646916	Ile	GAT	78.0	
GCF_001267255.1_ASM126725v1_genomic	GCF_001267255.1_ASM126725v1_genomic_NZ_CP012362.1 	45	646772	646700	Ala	TGC	74.2	
GCF_001267255.1_ASM126725v1_genomic	GCF_001267255.1_ASM126725v1_genomic_NZ_CP012362.1 	46	410741	410669	Ala	GGC	68.4	
GCF_001267255.1_ASM126725v1_genomic	GCF_001267255.1_ASM126725v1_genomic_NZ_CP012362.1 	47	410609	410537	Glu	TTC	57.2	
GCF_001267255.1_ASM126725v1_genomic	GCF_001267255.1_ASM126725v1_genomic_NZ_CP012362.1 	48	410491	410419	Ala	GGC	68.4	
GCF_001267255.1_ASM126725v1_genomic	GCF_001267255.1_ASM126725v1_genomic_NZ_CP012362.1 	49	410379	410307	Glu	TTC	57.2	
GCF_001267255.1_ASM126725v1_genomic	GCF_001267255.1_ASM126725v1_genomic_NZ_CP012362.1 	50	334525	334452	Met	CAT	70.2	
GCF_001267255.1_ASM126725v1_genomic	GCF_001267255.1_ASM126725v1_genomic_NZ_CP012362.1 	51	262295	262222	Val	GAC	74.5	
GCF_001267255.1_ASM126725v1_genomic	GCF_001267255.1_ASM126725v1_genomic_NZ_CP012362.1 	52	246829	246758	Gln	TTG	55.7	
GCF_001267255.1_ASM126725v1_genomic	GCF_001267255.1_ASM126725v1_genomic_NZ_CP012362.1 	53	202126	202043	Leu	CAA	71.7	
GCF_030328995.1_ASM3032899v1_genomic	GCF_030328995.1_ASM3032899v1_genomic_NZ_JACAND010000010.1 	1	61001	61077	Met	CAT	70.2	
GCF_030328995.1_ASM3032899v1_genomic	GCF_030328995.1_ASM3032899v1_genomic_NZ_JACAND010000010.1 	2	8170	8094	Arg	TCT	81.4	
GCF_030328995.1_ASM3032899v1_genomic	GCF_030328995.1_ASM3032899v1_genomic_NZ_JACAND010000010.1 	3	8051	7976	His	GTG	71.9	
GCF_030328995.1_ASM3032899v1_genomic	GCF_030328995.1_ASM3032899v1_genomic_NZ_JACAND010000010.1 	4	7935	7854	Leu	TAG	61.1	
GCF_030328995.1_ASM3032899v1_genomic	GCF_030328995.1_ASM3032899v1_genomic_NZ_JACAND010000011.1 	1	29498	29425	Arg	CCG	80.7	
GCF_030328995.1_ASM3032899v1_genomic	GCF_030328995.1_ASM3032899v1_genomic_NZ_JACAND010000014.1 	1	30005	30080	Phe	GAA	74.8	
GCF_030328995.1_ASM3032899v1_genomic	GCF_030328995.1_ASM3032899v1_genomic_NZ_JACAND010000014.1 	2	30126	30200	Gln	TTG	55.7	
GCF_030328995.1_ASM3032899v1_genomic	GCF_030328995.1_ASM3032899v1_genomic_NZ_JACAND010000001.1 	1	287406	287481	Gly	GCC	79.0	
GCF_030328995.1_ASM3032899v1_genomic	GCF_030328995.1_ASM3032899v1_genomic_NZ_JACAND010000001.1 	2	287526	287599	Cys	GCA	60.0	
GCF_030328995.1_ASM3032899v1_genomic	GCF_030328995.1_ASM3032899v1_genomic_NZ_JACAND010000001.1 	3	254711	254638	Asp	GTC	81.1	
GCF_030328995.1_ASM3032899v1_genomic	GCF_030328995.1_ASM3032899v1_genomic_NZ_JACAND010000001.1 	4	183752	183670	Leu	GAG	57.7	
GCF_030328995.1_ASM3032899v1_genomic	GCF_030328995.1_ASM3032899v1_genomic_NZ_JACAND010000001.1 	5	96073	96001	Glu	TTC	57.2	
GCF_030328995.1_ASM3032899v1_genomic	GCF_030328995.1_ASM3032899v1_genomic_NZ_JACAND010000001.1 	6	95991	95916	Gly	GCC	79.0	
GCF_030328995.1_ASM3032899v1_genomic	GCF_030328995.1_ASM3032899v1_genomic_NZ_JACAND010000023.1 	1	25013	24940	Arg	CCT	73.5	
GCF_030328995.1_ASM3032899v1_genomic	GCF_030328995.1_ASM3032899v1_genomic_NZ_JACAND010000002.1 	1	49235	49322	Ser	TGA	69.3	
GCF_030328995.1_ASM3032899v1_genomic	GCF_030328995.1_ASM3032899v1_genomic_NZ_JACAND010000002.1 	2	124529	124605	Met	CAT	74.0	
GCF_030328995.1_ASM3032899v1_genomic	GCF_030328995.1_ASM3032899v1_genomic_NZ_JACAND010000002.1 	3	217665	217741	Pro	GGG	68.5	
GCF_030328995.1_ASM3032899v1_genomic	GCF_030328995.1_ASM3032899v1_genomic_NZ_JACAND010000002.1 	4	101332	101249	Leu	CAG	64.9	
GCF_030328995.1_ASM3032899v1_genomic	GCF_030328995.1_ASM3032899v1_genomic_NZ_JACAND010000031.1 	1	3692	3619	Ile	GAT	78.0	
GCF_030328995.1_ASM3032899v1_genomic	GCF_030328995.1_ASM3032899v1_genomic_NZ_JACAND010000031.1 	2	3510	3438	Ala	TGC	74.2	
GCF_030328995.1_ASM3032899v1_genomic	GCF_030328995.1_ASM3032899v1_genomic_NZ_JACAND010000003.1 	1	197807	197735	Thr	TGT	77.8	
GCF_030328995.1_ASM3032899v1_genomic	GCF_030328995.1_ASM3032899v1_genomic_NZ_JACAND010000003.1 	2	87110	87038	Asn	GTT	72.2	
GCF_030328995.1_ASM3032899v1_genomic	GCF_030328995.1_ASM3032899v1_genomic_NZ_JACAND010000003.1 	3	87032	86959	Pro	TGG	73.1	
GCF_030328995.1_ASM3032899v1_genomic	GCF_030328995.1_ASM3032899v1_genomic_NZ_JACAND010000003.1 	4	86950	86879	Lys	TTT	79.4	
GCF_030328995.1_ASM3032899v1_genomic	GCF_030328995.1_ASM3032899v1_genomic_NZ_JACAND010000003.1 	5	49194	49123	Lys	TTT	79.4	
GCF_030328995.1_ASM3032899v1_genomic	GCF_030328995.1_ASM3032899v1_genomic_NZ_JACAND010000003.1 	6	17409	17337	Val	TAC	73.6	
GCF_030328995.1_ASM3032899v1_genomic	GCF_030328995.1_ASM3032899v1_genomic_NZ_JACAND010000003.1 	7	17315	17242	Asp	GTC	81.1	
GCF_030328995.1_ASM3032899v1_genomic	GCF_030328995.1_ASM3032899v1_genomic_NZ_JACAND010000003.1 	8	17199	17127	Val	TAC	73.6	
GCF_030328995.1_ASM3032899v1_genomic	GCF_030328995.1_ASM3032899v1_genomic_NZ_JACAND010000004.1 	1	18157	18241	Tyr	GTA	63.1	
GCF_030328995.1_ASM3032899v1_genomic	GCF_030328995.1_ASM3032899v1_genomic_NZ_JACAND010000004.1 	2	18263	18336	Gly	TCC	75.6	
GCF_030328995.1_ASM3032899v1_genomic	GCF_030328995.1_ASM3032899v1_genomic_NZ_JACAND010000004.1 	3	18364	18439	Thr	GGT	73.0	
GCF_030328995.1_ASM3032899v1_genomic	GCF_030328995.1_ASM3032899v1_genomic_NZ_JACAND010000004.1 	4	19783	19858	Trp	CCA	70.3	
GCF_030328995.1_ASM3032899v1_genomic	GCF_030328995.1_ASM3032899v1_genomic_NZ_JACAND010000004.1 	5	124697	124624	Met	CAT	82.0	
GCF_030328995.1_ASM3032899v1_genomic	GCF_030328995.1_ASM3032899v1_genomic_NZ_JACAND010000005.1 	1	160925	161000	Ala	GGC	68.4	
GCF_030328995.1_ASM3032899v1_genomic	GCF_030328995.1_ASM3032899v1_genomic_NZ_JACAND010000005.1 	2	161057	161132	Glu	TTC	57.2	
GCF_030328995.1_ASM3032899v1_genomic	GCF_030328995.1_ASM3032899v1_genomic_NZ_JACAND010000005.1 	3	161175	161250	Ala	GGC	68.4	
GCF_030328995.1_ASM3032899v1_genomic	GCF_030328995.1_ASM3032899v1_genomic_NZ_JACAND010000005.1 	4	161287	161362	Glu	TTC	57.2	
GCF_030328995.1_ASM3032899v1_genomic	GCF_030328995.1_ASM3032899v1_genomic_NZ_JACAND010000005.1 	5	10652	10566	Ser	GGA	65.9	
GCF_030328995.1_ASM3032899v1_genomic	GCF_030328995.1_ASM3032899v1_genomic_NZ_JACAND010000006.1 	1	67481	67557	Val	GAC	74.5	
GCF_030328995.1_ASM3032899v1_genomic	GCF_030328995.1_ASM3032899v1_genomic_NZ_JACAND010000006.1 	2	82952	83026	Gln	TTG	55.7	
GCF_030328995.1_ASM3032899v1_genomic	GCF_030328995.1_ASM3032899v1_genomic_NZ_JACAND010000006.1 	3	129858	129944	Leu	CAA	71.7	
GCF_030328995.1_ASM3032899v1_genomic	GCF_030328995.1_ASM3032899v1_genomic_NZ_JACAND010000006.1 	4	107490	107403	Ser	GCT	72.9	
GCF_030328995.1_ASM3032899v1_genomic	GCF_030328995.1_ASM3032899v1_genomic_NZ_JACAND010000006.1 	5	107317	107244	Arg	ACG	76.7	
GCF_030328995.1_ASM3032899v1_genomic	GCF_030328995.1_ASM3032899v1_genomic_NZ_JACAND010000006.1 	6	107180	107107	Arg	ACG	76.7	
GCF_030328995.1_ASM3032899v1_genomic	GCF_030328995.1_ASM3032899v1_genomic_NZ_JACAND010000006.1 	7	38026	37942	Leu	TAA	64.8	
GCF_030328995.1_ASM3032899v1_genomic	GCF_030328995.1_ASM3032899v1_genomic_NZ_JACAND010000009.1 	1	2403	2330	Met	CAT	76.4	
GCF_001267215.1_ASM126721v1_genomic	GCF_001267215.1_ASM126721v1_genomic_NZ_CP012360.1 	1	387059	387135	Arg	CCG	79.2	
GCF_001267215.1_ASM126721v1_genomic	GCF_001267215.1_ASM126721v1_genomic_NZ_CP012360.1 	2	466205	466280	Phe	GAA	74.8	
GCF_001267215.1_ASM126721v1_genomic	GCF_001267215.1_ASM126721v1_genomic_NZ_CP012360.1 	3	466326	466400	Gln	TTG	55.7	
GCF_001267215.1_ASM126721v1_genomic	GCF_001267215.1_ASM126721v1_genomic_NZ_CP012360.1 	4	839349	839425	Ile	GAT	78.0	
GCF_001267215.1_ASM126721v1_genomic	GCF_001267215.1_ASM126721v1_genomic_NZ_CP012360.1 	5	839566	839641	Ala	TGC	74.2	
GCF_001267215.1_ASM126721v1_genomic	GCF_001267215.1_ASM126721v1_genomic_NZ_CP012360.1 	6	845994	846078	Tyr	GTA	63.1	
GCF_001267215.1_ASM126721v1_genomic	GCF_001267215.1_ASM126721v1_genomic_NZ_CP012360.1 	7	846099	846172	Gly	TCC	75.6	
GCF_001267215.1_ASM126721v1_genomic	GCF_001267215.1_ASM126721v1_genomic_NZ_CP012360.1 	8	846200	846275	Thr	GGT	73.0	
GCF_001267215.1_ASM126721v1_genomic	GCF_001267215.1_ASM126721v1_genomic_NZ_CP012360.1 	9	847619	847694	Trp	CCA	70.3	
GCF_001267215.1_ASM126721v1_genomic	GCF_001267215.1_ASM126721v1_genomic_NZ_CP012360.1 	10	1081400	1081476	Asp	GTC	81.1	
GCF_001267215.1_ASM126721v1_genomic	GCF_001267215.1_ASM126721v1_genomic_NZ_CP012360.1 	11	1168456	1168541	Leu	GAG	57.7	
GCF_001267215.1_ASM126721v1_genomic	GCF_001267215.1_ASM126721v1_genomic_NZ_CP012360.1 	12	1239076	1239152	Ile	GAT	78.0	
GCF_001267215.1_ASM126721v1_genomic	GCF_001267215.1_ASM126721v1_genomic_NZ_CP012360.1 	13	1239293	1239368	Ala	TGC	74.2	
GCF_001267215.1_ASM126721v1_genomic	GCF_001267215.1_ASM126721v1_genomic_NZ_CP012360.1 	14	1289655	1289742	Ser	TGA	69.3	
GCF_001267215.1_ASM126721v1_genomic	GCF_001267215.1_ASM126721v1_genomic_NZ_CP012360.1 	15	1368194	1368270	Met	CAT	70.2	
GCF_001267215.1_ASM126721v1_genomic	GCF_001267215.1_ASM126721v1_genomic_NZ_CP012360.1 	16	1449778	1449854	Pro	GGG	68.5	
GCF_001267215.1_ASM126721v1_genomic	GCF_001267215.1_ASM126721v1_genomic_NZ_CP012360.1 	17	1595505	1595581	Met	CAT	76.4	
GCF_001267215.1_ASM126721v1_genomic	GCF_001267215.1_ASM126721v1_genomic_NZ_CP012360.1 	18	1641445	1641521	Ile	GAT	78.0	
GCF_001267215.1_ASM126721v1_genomic	GCF_001267215.1_ASM126721v1_genomic_NZ_CP012360.1 	19	1641662	1641737	Ala	TGC	74.2	
GCF_001267215.1_ASM126721v1_genomic	GCF_001267215.1_ASM126721v1_genomic_NZ_CP012360.1 	20	1877908	1877983	Ala	GGC	68.4	
GCF_001267215.1_ASM126721v1_genomic	GCF_001267215.1_ASM126721v1_genomic_NZ_CP012360.1 	21	1878040	1878115	Glu	TTC	57.2	
GCF_001267215.1_ASM126721v1_genomic	GCF_001267215.1_ASM126721v1_genomic_NZ_CP012360.1 	22	1878158	1878233	Ala	GGC	68.4	
GCF_001267215.1_ASM126721v1_genomic	GCF_001267215.1_ASM126721v1_genomic_NZ_CP012360.1 	23	1878270	1878345	Glu	TTC	57.2	
GCF_001267215.1_ASM126721v1_genomic	GCF_001267215.1_ASM126721v1_genomic_NZ_CP012360.1 	24	1957266	1957342	Met	CAT	70.2	
GCF_001267215.1_ASM126721v1_genomic	GCF_001267215.1_ASM126721v1_genomic_NZ_CP012360.1 	25	2061502	2061578	Val	GAC	74.5	
GCF_001267215.1_ASM126721v1_genomic	GCF_001267215.1_ASM126721v1_genomic_NZ_CP012360.1 	26	2076969	2077043	Gln	TTG	55.7	
GCF_001267215.1_ASM126721v1_genomic	GCF_001267215.1_ASM126721v1_genomic_NZ_CP012360.1 	27	2121674	2121760	Leu	CAA	71.7	
GCF_001267215.1_ASM126721v1_genomic	GCF_001267215.1_ASM126721v1_genomic_NZ_CP012360.1 	28	2249389	2249317	Glu	TTC	57.2	
GCF_001267215.1_ASM126721v1_genomic	GCF_001267215.1_ASM126721v1_genomic_NZ_CP012360.1 	29	2249307	2249232	Gly	GCC	79.0	
GCF_001267215.1_ASM126721v1_genomic	GCF_001267215.1_ASM126721v1_genomic_NZ_CP012360.1 	30	2100230	2100143	Ser	GCT	72.9	
GCF_001267215.1_ASM126721v1_genomic	GCF_001267215.1_ASM126721v1_genomic_NZ_CP012360.1 	31	2100056	2099983	Arg	ACG	76.7	
GCF_001267215.1_ASM126721v1_genomic	GCF_001267215.1_ASM126721v1_genomic_NZ_CP012360.1 	32	2099919	2099846	Arg	ACG	76.7	
GCF_001267215.1_ASM126721v1_genomic	GCF_001267215.1_ASM126721v1_genomic_NZ_CP012360.1 	33	2032045	2031961	Leu	TAA	64.8	
GCF_001267215.1_ASM126721v1_genomic	GCF_001267215.1_ASM126721v1_genomic_NZ_CP012360.1 	34	1904442	1904366	Arg	TCT	81.4	
GCF_001267215.1_ASM126721v1_genomic	GCF_001267215.1_ASM126721v1_genomic_NZ_CP012360.1 	35	1904323	1904248	His	GTG	71.9	
GCF_001267215.1_ASM126721v1_genomic	GCF_001267215.1_ASM126721v1_genomic_NZ_CP012360.1 	36	1904206	1904125	Leu	TAG	61.1	
GCF_001267215.1_ASM126721v1_genomic	GCF_001267215.1_ASM126721v1_genomic_NZ_CP012360.1 	37	1732439	1732353	Ser	GGA	65.9	
GCF_001267215.1_ASM126721v1_genomic	GCF_001267215.1_ASM126721v1_genomic_NZ_CP012360.1 	38	1345869	1345786	Leu	CAG	64.9	
GCF_001267215.1_ASM126721v1_genomic	GCF_001267215.1_ASM126721v1_genomic_NZ_CP012360.1 	39	1048737	1048662	Gly	GCC	79.0	
GCF_001267215.1_ASM126721v1_genomic	GCF_001267215.1_ASM126721v1_genomic_NZ_CP012360.1 	40	1048617	1048544	Cys	GCA	60.0	
GCF_001267215.1_ASM126721v1_genomic	GCF_001267215.1_ASM126721v1_genomic_NZ_CP012360.1 	41	929724	929651	Met	CAT	82.0	
GCF_001267215.1_ASM126721v1_genomic	GCF_001267215.1_ASM126721v1_genomic_NZ_CP012360.1 	42	629291	629218	Ile	GAT	78.0	
GCF_001267215.1_ASM126721v1_genomic	GCF_001267215.1_ASM126721v1_genomic_NZ_CP012360.1 	43	629074	629002	Ala	TGC	74.2	
GCF_001267215.1_ASM126721v1_genomic	GCF_001267215.1_ASM126721v1_genomic_NZ_CP012360.1 	44	346750	346678	Thr	TGT	77.8	
GCF_001267215.1_ASM126721v1_genomic	GCF_001267215.1_ASM126721v1_genomic_NZ_CP012360.1 	45	336883	336811	Thr	TGT	77.8	
GCF_001267215.1_ASM126721v1_genomic	GCF_001267215.1_ASM126721v1_genomic_NZ_CP012360.1 	46	222568	222496	Asn	GTT	72.2	
GCF_001267215.1_ASM126721v1_genomic	GCF_001267215.1_ASM126721v1_genomic_NZ_CP012360.1 	47	222490	222417	Pro	TGG	73.1	
GCF_001267215.1_ASM126721v1_genomic	GCF_001267215.1_ASM126721v1_genomic_NZ_CP012360.1 	48	222408	222337	Lys	TTT	79.4	
GCF_001267215.1_ASM126721v1_genomic	GCF_001267215.1_ASM126721v1_genomic_NZ_CP012360.1 	49	184678	184607	Lys	TTT	79.4	
GCF_001267215.1_ASM126721v1_genomic	GCF_001267215.1_ASM126721v1_genomic_NZ_CP012360.1 	50	152781	152709	Val	TAC	73.6	
GCF_001267215.1_ASM126721v1_genomic	GCF_001267215.1_ASM126721v1_genomic_NZ_CP012360.1 	51	152687	152614	Asp	GTC	81.1	
GCF_001267215.1_ASM126721v1_genomic	GCF_001267215.1_ASM126721v1_genomic_NZ_CP012360.1 	52	152571	152499	Val	TAC	73.6	
GCF_001267215.1_ASM126721v1_genomic	GCF_001267215.1_ASM126721v1_genomic_NZ_CP012360.1 	53	8329	8256	Ile	GAT	78.0	
GCF_001267215.1_ASM126721v1_genomic	GCF_001267215.1_ASM126721v1_genomic_NZ_CP012360.1 	54	8112	8040	Ala	TGC	74.2	
GCF_001267215.1_ASM126721v1_genomic	GCF_001267215.1_ASM126721v1_genomic_NZ_CP012360.1 	55	4364	4291	Arg	CCT	73.5	
GCF_001267195.1_ASM126719v1_genomic	GCF_001267195.1_ASM126719v1_genomic_NZ_CP012359.1 	1	39288	39375	Ser	TGA	69.3	
GCF_001267195.1_ASM126719v1_genomic	GCF_001267195.1_ASM126719v1_genomic_NZ_CP012359.1 	2	114434	114510	Met	CAT	74.0	
GCF_001267195.1_ASM126719v1_genomic	GCF_001267195.1_ASM126719v1_genomic_NZ_CP012359.1 	3	195826	195902	Pro	GGG	68.5	
GCF_001267195.1_ASM126719v1_genomic	GCF_001267195.1_ASM126719v1_genomic_NZ_CP012359.1 	4	390476	390552	Ile	GAT	78.0	
GCF_001267195.1_ASM126719v1_genomic	GCF_001267195.1_ASM126719v1_genomic_NZ_CP012359.1 	5	390693	390768	Ala	TGC	74.2	
GCF_001267195.1_ASM126719v1_genomic	GCF_001267195.1_ASM126719v1_genomic_NZ_CP012359.1 	6	626692	626767	Ala	GGC	68.4	
GCF_001267195.1_ASM126719v1_genomic	GCF_001267195.1_ASM126719v1_genomic_NZ_CP012359.1 	7	626824	626899	Glu	TTC	57.2	
GCF_001267195.1_ASM126719v1_genomic	GCF_001267195.1_ASM126719v1_genomic_NZ_CP012359.1 	8	626942	627017	Ala	GGC	68.4	
GCF_001267195.1_ASM126719v1_genomic	GCF_001267195.1_ASM126719v1_genomic_NZ_CP012359.1 	9	627054	627129	Glu	TTC	57.2	
GCF_001267195.1_ASM126719v1_genomic	GCF_001267195.1_ASM126719v1_genomic_NZ_CP012359.1 	10	702923	702999	Met	CAT	70.2	
GCF_001267195.1_ASM126719v1_genomic	GCF_001267195.1_ASM126719v1_genomic_NZ_CP012359.1 	11	772476	772552	Val	GAC	74.5	
GCF_001267195.1_ASM126719v1_genomic	GCF_001267195.1_ASM126719v1_genomic_NZ_CP012359.1 	12	787942	788016	Gln	TTG	55.7	
GCF_001267195.1_ASM126719v1_genomic	GCF_001267195.1_ASM126719v1_genomic_NZ_CP012359.1 	13	831966	832052	Leu	CAA	71.7	
GCF_001267195.1_ASM126719v1_genomic	GCF_001267195.1_ASM126719v1_genomic_NZ_CP012359.1 	14	1212710	1212785	Gly	GCC	79.0	
GCF_001267195.1_ASM126719v1_genomic	GCF_001267195.1_ASM126719v1_genomic_NZ_CP012359.1 	15	1212830	1212903	Cys	GCA	60.0	
GCF_001267195.1_ASM126719v1_genomic	GCF_001267195.1_ASM126719v1_genomic_NZ_CP012359.1 	16	1331715	1331791	Met	CAT	82.0	
GCF_001267195.1_ASM126719v1_genomic	GCF_001267195.1_ASM126719v1_genomic_NZ_CP012359.1 	17	1644979	1645054	Asn	GTT	72.2	
GCF_001267195.1_ASM126719v1_genomic	GCF_001267195.1_ASM126719v1_genomic_NZ_CP012359.1 	18	1645057	1645133	Pro	TGG	73.1	
GCF_001267195.1_ASM126719v1_genomic	GCF_001267195.1_ASM126719v1_genomic_NZ_CP012359.1 	19	1645139	1645213	Lys	TTT	79.4	
GCF_001267195.1_ASM126719v1_genomic	GCF_001267195.1_ASM126719v1_genomic_NZ_CP012359.1 	20	1942472	1942547	Thr	TGT	77.8	
GCF_001267195.1_ASM126719v1_genomic	GCF_001267195.1_ASM126719v1_genomic_NZ_CP012359.1 	21	2059706	2059781	Asn	GTT	72.2	
GCF_001267195.1_ASM126719v1_genomic	GCF_001267195.1_ASM126719v1_genomic_NZ_CP012359.1 	22	2059784	2059860	Pro	TGG	73.1	
GCF_001267195.1_ASM126719v1_genomic	GCF_001267195.1_ASM126719v1_genomic_NZ_CP012359.1 	23	2059866	2059940	Lys	TTT	79.4	
GCF_001267195.1_ASM126719v1_genomic	GCF_001267195.1_ASM126719v1_genomic_NZ_CP012359.1 	24	2097596	2097670	Lys	TTT	79.4	
GCF_001267195.1_ASM126719v1_genomic	GCF_001267195.1_ASM126719v1_genomic_NZ_CP012359.1 	25	2129495	2129570	Val	TAC	73.6	
GCF_001267195.1_ASM126719v1_genomic	GCF_001267195.1_ASM126719v1_genomic_NZ_CP012359.1 	26	2129589	2129665	Asp	GTC	81.1	
GCF_001267195.1_ASM126719v1_genomic	GCF_001267195.1_ASM126719v1_genomic_NZ_CP012359.1 	27	2129705	2129780	Val	TAC	73.6	
GCF_001267195.1_ASM126719v1_genomic	GCF_001267195.1_ASM126719v1_genomic_NZ_CP012359.1 	28	1902046	1901973	Arg	CCG	79.1	
GCF_001267195.1_ASM126719v1_genomic	GCF_001267195.1_ASM126719v1_genomic_NZ_CP012359.1 	29	1821314	1821242	Phe	GAA	74.8	
GCF_001267195.1_ASM126719v1_genomic	GCF_001267195.1_ASM126719v1_genomic_NZ_CP012359.1 	30	1821193	1821122	Gln	TTG	55.7	
GCF_001267195.1_ASM126719v1_genomic	GCF_001267195.1_ASM126719v1_genomic_NZ_CP012359.1 	31	1422010	1421937	Ile	GAT	78.0	
GCF_001267195.1_ASM126719v1_genomic	GCF_001267195.1_ASM126719v1_genomic_NZ_CP012359.1 	32	1421793	1421721	Ala	TGC	74.2	
GCF_001267195.1_ASM126719v1_genomic	GCF_001267195.1_ASM126719v1_genomic_NZ_CP012359.1 	33	1415363	1415282	Tyr	GTA	63.1	
GCF_001267195.1_ASM126719v1_genomic	GCF_001267195.1_ASM126719v1_genomic_NZ_CP012359.1 	34	1415258	1415185	Gly	TCC	75.6	
GCF_001267195.1_ASM126719v1_genomic	GCF_001267195.1_ASM126719v1_genomic_NZ_CP012359.1 	35	1415157	1415082	Thr	GGT	73.0	
GCF_001267195.1_ASM126719v1_genomic	GCF_001267195.1_ASM126719v1_genomic_NZ_CP012359.1 	36	1413738	1413666	Trp	CCA	70.3	
GCF_001267195.1_ASM126719v1_genomic	GCF_001267195.1_ASM126719v1_genomic_NZ_CP012359.1 	37	1179988	1179915	Asp	GTC	81.1	
GCF_001267195.1_ASM126719v1_genomic	GCF_001267195.1_ASM126719v1_genomic_NZ_CP012359.1 	38	1099667	1099585	Leu	GAG	57.7	
GCF_001267195.1_ASM126719v1_genomic	GCF_001267195.1_ASM126719v1_genomic_NZ_CP012359.1 	39	1034749	1034676	Ile	GAT	78.0	
GCF_001267195.1_ASM126719v1_genomic	GCF_001267195.1_ASM126719v1_genomic_NZ_CP012359.1 	40	1034532	1034460	Ala	TGC	74.2	
GCF_001267195.1_ASM126719v1_genomic	GCF_001267195.1_ASM126719v1_genomic_NZ_CP012359.1 	41	1030783	1030710	Arg	CCT	73.5	
GCF_001267195.1_ASM126719v1_genomic	GCF_001267195.1_ASM126719v1_genomic_NZ_CP012359.1 	42	960484	960412	Glu	TTC	57.2	
GCF_001267195.1_ASM126719v1_genomic	GCF_001267195.1_ASM126719v1_genomic_NZ_CP012359.1 	43	960402	960327	Gly	GCC	79.0	
GCF_001267195.1_ASM126719v1_genomic	GCF_001267195.1_ASM126719v1_genomic_NZ_CP012359.1 	44	810522	810435	Ser	GCT	72.9	
GCF_001267195.1_ASM126719v1_genomic	GCF_001267195.1_ASM126719v1_genomic_NZ_CP012359.1 	45	810348	810275	Arg	ACG	76.7	
GCF_001267195.1_ASM126719v1_genomic	GCF_001267195.1_ASM126719v1_genomic_NZ_CP012359.1 	46	810211	810138	Arg	ACG	76.7	
GCF_001267195.1_ASM126719v1_genomic	GCF_001267195.1_ASM126719v1_genomic_NZ_CP012359.1 	47	743019	742935	Leu	TAA	64.8	
GCF_001267195.1_ASM126719v1_genomic	GCF_001267195.1_ASM126719v1_genomic_NZ_CP012359.1 	48	650102	650026	Arg	TCT	81.4	
GCF_001267195.1_ASM126719v1_genomic	GCF_001267195.1_ASM126719v1_genomic_NZ_CP012359.1 	49	649983	649908	His	GTG	71.9	
GCF_001267195.1_ASM126719v1_genomic	GCF_001267195.1_ASM126719v1_genomic_NZ_CP012359.1 	50	649866	649785	Leu	TAG	61.1	
GCF_001267195.1_ASM126719v1_genomic	GCF_001267195.1_ASM126719v1_genomic_NZ_CP012359.1 	51	481265	481179	Ser	GGA	65.9	
GCF_001267195.1_ASM126719v1_genomic	GCF_001267195.1_ASM126719v1_genomic_NZ_CP012359.1 	52	92109	92026	Leu	CAG	64.9	
